"D(Room, Room_GT)","D(Office, Office_GT)","D(Church, Church_GT)","D(Village, Village_GT)"
0.28736335,0.21325077,0.18580987,0.31110975
0.26167825,0.23424073,0.21054076,0.2045933
0.14231075,0.12450213,0.12498174,0.254044
0.090583034,0.11152564,0.19869013,0.16198745
0.09855254,0.08049516,0.21718365,0.12105993
0.14041293,0.13158746,0.17706163,0.22859076
0.23507513,0.25903928,0.23552985,0.20039809
0.41258407,0.114949435,0.16031995,0.32210788
0.5343839,0.0968926,0.23350455,0.04799146
0.24598657,0.15817186,0.17956616,0.17232372
0.13314539,0.10210815,0.21745794,0.18299422
0.14432831,0.098195344,0.23748924,0.07596187
0.2673692,0.16670747,0.15431255,0.14620364
0.22348075,0.16193508,0.22593997,0.2488229
0.41374338,0.45105967,0.22461914,0.44511396
0.0963375,0.096876204,0.2115228,0.23782735
0.27544746,0.1864944,0.22177012,0.29028302
0.18981043,0.19218378,0.20345938,0.19412056
0.14488104,0.16322139,0.1562535,0.13936044
0.17599145,0.1187001,0.19227114,0.087475024
0.18543814,0.19503154,0.23018304,0.23268363
0.24157155,0.26564845,0.22305687,0.14827126
0.56149954,0.14960751,0.24651077,0.14502484
0.23724532,0.19486272,0.15911043,0.04043245
0.105114594,0.11707908,0.2279528,0.14649712
0.21547371,0.20144273,0.16148047,0.2017143
0.103731446,0.20566629,0.27986303,0.16012987
0.1930932,0.19548105,0.1641025,0.14136738
0.22598879,0.19631366,0.1742334,0.29525304
0.12536056,0.08896781,0.16080555,0.12582622
0.17406876,0.1649368,0.19635102,0.21597879
0.23180497,0.09224298,0.22245952,0.25639126
0.21984862,0.28574392,0.13805857,0.33090916
0.5409537,0.09725926,0.12734404,0.6353548
0.17905398,0.16058655,0.2203993,0.1768117
0.2563326,0.07898395,0.2880383,0.024175191
0.12419132,0.088000424,0.1506346,0.18356156
0.120237656,0.12759794,0.17911978,0.10726701
0.17147478,0.18445158,0.15986982,0.044123705
0.21957852,0.19949822,0.22437029,0.29638696
0.09784083,0.12031388,0.20397772,0.20969567
0.37020546,0.26464048,0.2537961,0.28649905
0.12577692,0.28700233,0.20145366,0.19336511
0.2288481,0.24749465,0.29667997,0.15943424
0.17632753,0.20450684,0.1748126,0.19015405
0.23477589,0.14809452,0.25746015,0.23793653
0.5645205,0.12347872,0.20990843,0.053443372
0.29227877,0.11736998,0.2017663,0.20897372
0.19779591,0.23618786,0.15914097,0.16891344
0.13518469,0.14910442,0.15818916,0.13002926
0.14634697,0.106452525,0.17155315,0.14830232
0.17435208,0.14424029,0.15298131,0.21600884
0.2435323,0.17713809,0.2023286,0.27669245
0.23971981,0.14060706,0.14116763,0.20034747
0.28085676,0.09159838,0.34566465,0.14670587
0.07075676,0.09142446,0.2241616,0.12780099
0.14313664,0.11012322,0.16971861,0.1878069
0.083104394,0.10741465,0.19190803,0.2143913
0.29869023,0.09254976,0.23410572,0.24103063
0.15257625,0.1632531,0.15980908,0.17391817
0.2853124,0.17240925,0.13914974,0.2736567
0.36317015,0.17005473,0.22689646,0.08443637
0.27844316,0.13277076,0.18279538,0.28445825
0.3137514,0.18557683,0.19758758,0.2847141
0.1551152,0.115730375,0.19068241,0.19961616
0.34975395,0.10484868,0.18144071,0.15509312
0.09863313,0.0946148,0.18497407,0.06018401
0.42568618,0.20694467,0.18319567,0.24857011
0.20455077,0.26393932,0.19663292,0.20390706
0.14812697,0.10618229,0.16462395,0.18542624
0.14651833,0.09741941,0.167365,0.201331
0.18544535,0.12668844,0.19895326,0.2183442
0.12493363,0.22967027,0.1852663,0.07305769
0.13157563,0.16236013,0.17930353,0.1542318
0.25722262,0.1215639,0.20336862,0.23494665
0.27286586,0.1078142,0.12501736,0.15478265
0.29323173,0.21837875,0.16751806,0.1853317
0.22201714,0.107239634,0.25267366,0.24260537
0.37250888,0.16744791,0.19691351,0.03892647
0.057777505,0.10141125,0.18399043,0.14992437
0.2615905,0.1438304,0.10010242,0.3691471
0.16900833,0.14670269,0.1629527,0.15727785
0.4196776,0.090625055,0.26456323,0.077999234
0.13291043,0.120253764,0.18716967,0.30816013
0.13464603,0.10590636,0.17586662,0.21163179
0.2513264,0.16123644,0.15332367,0.25920144
0.20820886,0.16188698,0.18585493,0.16109876
0.19883002,0.15630305,0.24528834,0.18516871
0.14779541,0.20383015,0.17997216,0.18976746
0.15778026,0.10118561,0.15569012,0.16421387
0.22198866,0.16095601,0.24060132,0.1887121
0.1517498,0.15827295,0.23101757,0.22651674
0.31114337,0.25234345,0.21552555,0.23995171
0.20487805,0.11483299,0.24090186,0.23735802
0.40342426,0.19865358,0.25545344,0.3562396
0.11902141,0.055285275,0.19144207,0.048414435
0.43876094,0.17205866,0.15178432,0.34596175
0.1249684,0.12053784,0.1907936,0.1550379
0.50819075,0.25511596,0.14557785,0.2670012
0.2722946,0.12550284,0.1568352,0.19288403
0.14365159,0.16784635,0.2729345,0.090724535
0.33951074,0.1708497,0.17186108,0.28906256
0.22617531,0.11705939,0.19461906,0.16351035
0.12997492,0.0944615,0.16048773,0.16369098
0.1565248,0.107378654,0.19597529,0.1934313
0.15888739,0.15502134,0.21716896,0.17631048
0.31012323,0.1387278,0.19309884,0.27040723
0.20066097,0.14861895,0.21791123,0.20857067
0.1643121,0.14644709,0.22049338,0.26055655
0.11098009,0.1543145,0.14368972,0.23840994
0.16503727,0.14534074,0.16299596,0.17048822
0.10554444,0.1286738,0.197607,0.15739323
0.17832309,0.12756562,0.14706667,0.26215875
0.21027555,0.13331509,0.17767107,0.20309702
0.12416968,0.16991974,0.22050501,0.18262617
0.15672407,0.09609424,0.176292,0.1973396
0.43716758,0.22517194,0.21266572,0.16180484
0.22116192,0.1632277,0.15884317,0.20630482
0.1370127,0.10042022,0.16805081,0.12602144
0.07631861,0.07856287,0.19191916,0.102178104
0.31190276,0.07489736,0.22551061,0.016498784
0.28776574,0.35178688,0.18445376,0.24226727
0.29820615,0.09555437,0.26890132,0.041632902
0.21625769,0.1335063,0.30721474,0.0440444
0.14548469,0.10802708,0.17527096,0.15786652
0.45484334,0.25619096,0.26110274,0.301867
0.30771026,0.33659533,0.16317482,0.27317756
0.2054811,0.08862992,0.26914144,0.15010667
0.21698296,0.20373888,0.16571148,0.23157701
0.16521801,0.12159136,0.18775524,0.18449537
0.10262897,0.17290106,0.18156697,0.15355991
0.33042362,0.056471795,0.2548571,0.018552661
0.35742316,0.09384393,0.217349,0.1291451
0.3149221,0.16729882,0.15190254,0.18514892
0.21005173,0.054965552,0.20666046,0.05268483
0.22654833,0.13428661,0.23305541,0.14039549
0.36086637,0.2877795,0.22310801,0.23919849
0.61729914,0.03409973,0.16727702,0.013967212
0.3714621,0.12407129,0.19285715,0.08962566
0.17101884,0.17402728,0.20005955,0.25913835
0.22278936,0.16811274,0.15335335,0.15230425
0.18933459,0.12096309,0.16530183,0.15807009
0.22102933,0.20545349,0.17480639,0.24395241
0.15640512,0.11496557,0.16408503,0.1485729
0.28378788,0.12554137,0.16254018,0.19885752
0.17735054,0.042426914,0.218774,0.00839176
0.17349027,0.16573873,0.23482794,0.27613717
0.12220742,0.18967573,0.18120874,0.13221551
0.13750514,0.09826398,0.17158753,0.18793836
0.30666426,0.15356392,0.17407186,0.2587714
0.17802419,0.19419481,0.20447174,0.25714946
0.2148746,0.19937897,0.17872065,0.29857942
0.36701456,0.43215087,0.19458152,0.3082737
0.29412878,0.17769097,0.17673495,0.35573307
0.1560248,0.10232717,0.1601119,0.16690882
0.10948261,0.08062752,0.18427444,0.18000929
0.2599249,0.17737062,0.12638283,0.30051652
0.258616,0.2460265,0.25627974,0.18495254
0.26500747,0.17390922,0.22361812,0.20184414
0.11502476,0.10404079,0.1576395,0.1535848
0.1780815,0.29048797,0.30591404,0.1014921
0.38693407,0.16314831,0.17794238,0.26990768
0.42341933,0.20083225,0.23327677,0.33042645
0.1432877,0.114475824,0.22179243,0.1325986
0.13339022,0.12598628,0.16988738,0.15651754
0.42773122,0.14078319,0.21124694,0.32568607
0.0963155,0.07697436,0.21823356,0.15559214
0.17590691,0.1395271,0.18231101,0.26370764
0.26860735,0.15937516,0.14416394,0.23412068
0.20290919,0.15521279,0.15304036,0.16108288
0.43156874,0.13399304,0.16048537,0.490727
0.34181815,0.13766427,0.24296542,0.32815924
0.105094634,0.10078682,0.19563673,0.13844156
0.16497192,0.16792622,0.28839287,0.22938809
0.13149811,0.09793755,0.1610969,0.07483747
0.20012936,0.13137186,0.17502107,0.18442428
0.13632147,0.10963972,0.17643645,0.14406368
0.072786495,0.08160921,0.17654449,0.19036907
0.20868649,0.18602082,0.19760086,0.27668884
0.30712402,0.42982957,0.25370237,0.18693557
0.18424739,0.12821035,0.21862887,0.13016279
0.5690283,0.24771863,0.16815901,0.4618107
0.26352477,0.08283713,0.22755978,0.2113102
0.2631092,0.1785415,0.26095104,0.22629157
0.10608816,0.10828377,0.17597385,0.21285124
0.29712918,0.23138912,0.1468699,0.24668598
0.2440869,0.1745021,0.17831887,0.24732298
0.23969558,0.12348659,0.18306434,0.32553518
0.45074588,0.2717645,0.28527176,0.24309824
0.08714139,0.112635724,0.17924541,0.17573336
0.24392489,0.04789574,0.23680396,0.047035437
0.11989177,0.11645325,0.16880496,0.11984316
0.34539127,0.16885623,0.1940931,0.22542009
0.23496333,0.11903657,0.20307405,0.23987097
0.24007316,0.08030107,0.20598824,0.061965182
0.1322117,0.09054652,0.14791775,0.11347538
0.15194975,0.17179336,0.19935535,0.18521878
0.16969943,0.10374955,0.19199578,0.1463461
0.14122313,0.1411273,0.15929398,0.16092244
0.16351336,0.14481096,0.16484953,0.18654859
0.26210096,0.099805094,0.29478762,0.42625394
0.3462483,0.13483374,0.17021418,0.29456323
0.20990744,0.16075967,0.22083364,0.3437987
0.26371074,0.09877127,0.22109379,0.20218736
0.42906052,0.07735032,0.26197225,0.027211826
0.1474081,0.07568598,0.18860403,0.06858014
0.13530861,0.12927812,0.17512897,0.13817716
0.10745954,0.12359762,0.1696858,0.221805
0.08687576,0.061501987,0.1749826,0.08956619
0.18090706,0.094227396,0.18640469,0.16211331
0.28787354,0.16472945,0.20367482,0.20202383
0.31037492,0.22720014,0.21350692,0.17066053
0.21113363,0.22524463,0.16238378,0.20677428
0.4639544,0.26895523,0.16673175,0.36772704
0.2420368,0.15684028,0.14492974,0.2787797
0.1881096,0.1634982,0.17784587,0.15920798
0.46139863,0.109761804,0.26168236,0.33595327
0.2572063,0.12896608,0.120454006,0.16825572
0.27071258,0.15613942,0.2810399,0.21276006
0.12207452,0.10132987,0.22779176,0.17617007
0.26701283,0.2534728,0.19118354,0.2902901
0.23034523,0.1625461,0.23073392,0.12554558
0.24551043,0.118760705,0.19567162,0.27728495
0.27340114,0.16933642,0.17131506,0.26454023
0.22727226,0.14634185,0.15883708,0.25766623
0.37580785,0.09334604,0.15939489,0.11962744
0.40451127,0.23908721,0.1692646,0.3790912
0.08668592,0.10465863,0.17094095,0.18954669
0.28068048,0.18259919,0.18507142,0.038881954
0.12075166,0.10527283,0.2154597,0.14185308
0.32932895,0.10179698,0.21587953,0.22137222
0.2687505,0.18383744,0.18602255,0.2756295
0.13554324,0.12999879,0.1482344,0.13108192
0.09920569,0.13175456,0.2190661,0.11141166
0.25344622,0.43644318,0.124967985,0.21557793
0.1803966,0.102938496,0.14646176,0.5919588
0.17070146,0.14867353,0.2351934,0.2107226
0.21213575,0.17580526,0.19258179,0.13315645
0.22922944,0.19851233,0.17808968,0.11043588
0.31688467,0.08609577,0.1540421,0.1570408
0.19432475,0.15788542,0.31472248,0.17327088
0.16630782,0.11572606,0.2349244,0.17103979
0.3152864,0.102533765,0.14768381,0.30275652
0.24848649,0.10626156,0.20431438,0.21439897
0.21581331,0.19897686,0.15557638,0.23908591
0.24116352,0.15700194,0.22421543,0.24099314
0.31672436,0.1506257,0.16665095,0.06753458
0.2519819,0.13705358,0.22368594,0.23812601
0.15263385,0.13581726,0.27623874,0.1462553
0.13258655,0.15911298,0.21267802,0.28715134
0.33436227,0.20993502,0.14300965,0.25553185
0.14168568,0.14438774,0.177609,0.16689809
0.23079081,0.15414546,0.19740444,0.30832285
0.10542271,0.080796845,0.17251427,0.109893024
0.16482238,0.14710928,0.18920632,0.11607351
0.16199242,0.18295564,0.21280359,0.12342214
0.36111498,0.12315195,0.20675835,0.28978667
0.18346667,0.20151117,0.17087643,0.24594033
0.13495547,0.11551487,0.20725884,0.10058581
0.33811605,0.21951784,0.18110164,0.3183765
0.10758595,0.09045131,0.18374674,0.18511795
0.2714839,0.19342501,0.23273493,0.24813972
0.12838657,0.21001877,0.19006366,0.20523685
0.4166109,0.14091146,0.20963366,0.2647082
0.2667814,0.1380911,0.20011707,0.17666528
0.19278808,0.110874765,0.16616924,0.22137997
0.29971215,0.1318696,0.21749812,0.17666587
0.1168367,0.101966515,0.21539564,0.14716437
0.16769299,0.099845804,0.17609452,0.15107796
0.088945545,0.08417132,0.1713635,0.218377
0.15487969,0.12327909,0.20939863,0.08921929
0.31412166,0.13867553,0.15432283,0.2781595
0.14668007,0.16342811,0.22679323,0.25641704
0.19653256,0.15884112,0.18319063,0.12616484
0.07399016,0.13565977,0.25560287,0.15667328
0.33923545,0.031281717,0.19078226,0.046579495
0.20395452,0.13066496,0.18587597,0.209339
0.26065704,0.15686627,0.20727624,0.33049873
0.17537789,0.14858252,0.17059864,0.13777986
0.4733342,0.29377002,0.17843327,0.08867999
0.25023752,0.21634032,0.10653273,0.22238244
0.3622403,0.12270617,0.26353315,0.24505907
0.08437279,0.17327781,0.21216553,0.14835529
0.095798515,0.10479603,0.18582776,0.18698657
0.15682055,0.20202436,0.2103901,0.20352809
0.3684822,0.2189145,0.3328755,0.29271898
0.13792351,0.101353556,0.20095307,0.09582736
0.122911185,0.2065483,0.19279525,0.2845051
0.22137499,0.16068844,0.2278093,0.2509528
0.32555735,0.24453612,0.18279018,0.20801875
0.090961576,0.12534992,0.18330112,0.19513616
0.2328836,0.1824703,0.21467991,0.3470349
0.17456076,0.1204037,0.16494836,0.24397632
0.14596549,0.05944716,0.17063245,0.07604313
0.14814565,0.14186913,0.16679087,0.20838863
0.17666236,0.13480224,0.15433541,0.23346001
0.12276594,0.16287215,0.21863666,0.17836447
0.2039204,0.2520882,0.15650365,0.16915193
0.16011953,0.18375592,0.18943349,0.19126877
0.1537364,0.09494509,0.22060238,0.14886454
0.075697646,0.09566642,0.18659583,0.106195204
0.12161648,0.1724624,0.23008344,0.12456598
0.24013801,0.16628231,0.27639773,0.20037766
0.077977225,0.08562999,0.16220863,0.13133107
0.0954941,0.11514662,0.13717736,0.082769714
0.19444706,0.14461437,0.23697251,0.21750791
0.33713308,0.078356564,0.18767126,0.17768794
0.24500148,0.21038662,0.25237966,0.33511978
0.288988,0.22161122,0.13938966,0.16200429
0.30298483,0.1491883,0.17325214,0.23273219
0.27473825,0.061441366,0.24718294,0.27538833
0.11109012,0.09937006,0.17026818,0.16790709
0.24969041,0.19862789,0.15669861,0.23526336
0.21669221,0.17695087,0.19036324,0.23333074
0.1755404,0.109781735,0.20100652,0.190486
0.18627377,0.13739552,0.14348838,0.22220178
0.35923818,0.4657353,0.24852793,0.26609203
0.3055094,0.14809439,0.17145245,0.06251459
0.15259828,0.11998666,0.21589123,0.027072394
0.16055195,0.2289643,0.18726496,0.23224789
0.30174536,0.14044222,0.2806527,0.35720214
0.11158409,0.10072633,0.15575369,0.13628821
0.27226064,0.13943435,0.15390062,0.17805558
0.11153947,0.09611553,0.1702127,0.12995692
0.3540331,0.2077291,0.20344897,0.1801822
0.24964567,0.19540429,0.25620916,0.30444935
0.14406675,0.11580954,0.19579287,0.10883056
0.35770878,0.2181523,0.15675789,0.27572882
0.14357187,0.16205667,0.17042917,0.2152479
0.1433784,0.12485206,0.25804126,0.29380107
0.14764102,0.09627276,0.15137453,0.10089078
0.35026488,0.1538655,0.17449619,0.3193994
0.14874461,0.16738172,0.27056164,0.17065684
0.12938157,0.15089254,0.19478421,0.17640081
0.093177,0.11120713,0.1715174,0.09304341
0.35469496,0.15293714,0.14791788,0.121612735
0.36450487,0.14405091,0.29810783,0.45252872
0.35519725,0.22838798,0.14743094,0.31906417
0.15954371,0.24697313,0.24998105,0.18389016
0.2066527,0.08927284,0.20834649,0.21289966
0.26919508,0.11313594,0.18614933,0.27101317
0.27519444,0.18509325,0.16212843,0.32449254
0.35917267,0.24796529,0.28383037,0.3313783
0.1415004,0.11233159,0.20570713,0.15667301
0.26705837,0.14738679,0.26271343,0.2681593
0.21282832,0.18680304,0.24207675,0.1724632
0.07776345,0.08888392,0.21292062,0.105522335
0.1621548,0.19447027,0.16575488,0.18694417
0.22669223,0.1081981,0.14950837,0.103352286
0.24163695,0.1415548,0.17584547,0.11127421
0.2989989,0.29292938,0.18655446,0.14484933
0.19677632,0.087689154,0.20431657,0.103931494
0.31236273,0.18480946,0.17272612,0.19941321
0.12964508,0.102522165,0.23371668,0.09460335
0.12442851,0.100587755,0.18101044,0.14659235
0.15875913,0.1707501,0.14388447,0.12330483
0.14800487,0.109719574,0.22953919,0.16342776
0.23153162,0.17016245,0.20519516,0.21120527
0.26267362,0.17432414,0.14328942,0.121102065
0.31606394,0.15358405,0.1598945,0.22500049
0.20098987,0.15700008,0.22165439,0.15134786
0.17828459,0.22267859,0.20212151,0.17984672
0.3231631,0.17998964,0.14731357,0.28947985
0.066367894,0.08969,0.22628427,0.083074585
0.30937394,0.18555811,0.1717512,0.24767913
0.17613383,0.14061907,0.19491942,0.16704887
0.11543825,0.16745175,0.24014783,0.21888417
0.09946397,0.12202215,0.20917048,0.15812184
0.16245328,0.1223573,0.2053127,0.15021388
0.2040738,0.15196626,0.17367299,0.13391206
0.10983473,0.11330972,0.15589876,0.20637093
0.28238562,0.1892011,0.19732961,0.2868737
0.18579249,0.17249179,0.34306914,0.17421126
0.25990874,0.1439763,0.20501588,0.09199619
0.34325442,0.24978526,0.22406906,0.28084472
0.09924999,0.08681124,0.20949762,0.13435061
0.18003598,0.11928411,0.16854535,0.24335466
0.06385168,0.09411366,0.2360995,0.1502004
0.15148507,0.11167811,0.19049345,0.21723677
0.24278179,0.2307475,0.1617262,0.20759305
0.19668938,0.082422,0.19004041,0.28928822
0.2899546,0.1323322,0.12723872,0.28061968
0.1548239,0.18014555,0.17110306,0.18197541
0.062438615,0.11827245,0.17711975,0.19561704
0.23097186,0.14661954,0.25110075,0.22899885
0.16550568,0.13317603,0.16504993,0.11572866
0.16680095,0.12489213,0.1680986,0.1251754
0.2480255,0.21576753,0.1766195,0.22212712
0.13776676,0.08413388,0.18049935,0.056571744
0.11837287,0.082276955,0.25883678,0.112828754
0.34085256,0.28842807,0.21742158,0.21096453
0.1697163,0.15832709,0.21068907,0.25692979
0.24306208,0.019896936,0.32018572,0.03668396
0.16452684,0.15056677,0.21467191,0.22564803
0.2046774,0.14836128,0.34534392,0.26025644
0.084191084,0.17424105,0.21285509,0.164258
0.10474139,0.07823296,0.16706873,0.12749684
0.13082278,0.08191426,0.18989632,0.12908629
0.10787965,0.09610668,0.17237641,0.07371815
0.15606667,0.1042278,0.27781326,0.14653085
0.23214166,0.21750323,0.19150622,0.18780397
0.31874818,0.22083642,0.24199958,0.032813214
0.33944568,0.22131832,0.24226516,0.2249781
0.1176008,0.10482917,0.17931888,0.1647187
0.114413746,0.1372415,0.22101854,0.18142217
0.12069305,0.13783605,0.20524825,0.15093715
0.23530462,0.0986698,0.26563913,0.07063234
0.19914898,0.23954532,0.2304194,0.23791045
0.14409323,0.2662511,0.18570966,0.24278632
0.12952456,0.0827978,0.1764425,0.11285353
0.20242961,0.17430478,0.33031818,0.26123488
0.24559873,0.1608998,0.21501495,0.20617865
0.12560931,0.15554354,0.20802037,0.22284093
0.32793203,0.12250064,0.17066038,0.0847987
0.3166744,0.13861784,0.2019251,0.16585049
0.48339483,0.26651502,0.18388693,0.3521773
0.27734637,0.1087743,0.30017018,0.04075571
0.36262286,0.18298541,0.25262344,0.19016197
0.15453178,0.20664053,0.15932548,0.24976096
0.33126068,0.17746942,0.20308568,0.39005667
0.14767367,0.13581537,0.1917495,0.19298458
0.15175831,0.1630688,0.23534039,0.16547178
0.26468694,0.06829867,0.19600703,0.22175382
0.29088354,0.12604493,0.23824736,0.26829436
0.23828639,0.06686911,0.1556183,0.21356885
0.17588536,0.15796934,0.31453392,0.2640315
0.203117,0.0917665,0.20970102,0.043293256
0.29858166,0.17365515,0.3054339,0.09482194
0.18106441,0.11400139,0.19413629,0.17036064
0.24513866,0.18015258,0.16556586,0.24604471
0.17907718,0.25639328,0.2516961,0.030441197
0.15499577,0.14766966,0.22696571,0.1025238
0.31651124,0.17617413,0.19691539,0.32403344
0.3192992,0.06962045,0.28683785,0.05640486
0.29259354,0.17614722,0.25737748,0.26130572
0.14095433,0.15650742,0.21710102,0.14410193
0.19957697,0.24340412,0.22975309,0.13756897
0.2510224,0.16632281,0.1292238,0.17895007
0.17656128,0.11033906,0.15781176,0.13476376
0.13958529,0.15248291,0.16546966,0.19497117
0.08417721,0.15632741,0.188842,0.17124315
0.248758,0.09867421,0.1982807,0.19073844
0.22426169,0.18614161,0.20099135,0.25192654
0.20208877,0.20744845,0.20863865,0.252829
0.09888089,0.06815402,0.14600483,0.06178382
0.19378464,0.33854157,0.14552526,0.20703286
0.2717596,0.18606932,0.23351564,0.15514934
0.25354356,0.2992306,0.38083363,0.099498704
0.27188084,0.1333352,0.19068408,0.13312197
0.27440777,0.16662334,0.20768338,0.2760865
0.25098613,0.18790591,0.18855238,0.21272178
0.06506009,0.10843296,0.22305779,0.12191818
0.33080095,0.22923025,0.22780795,0.2739408
0.220618,0.17673317,0.2411124,0.24498764
0.14466232,0.18563564,0.31272128,0.11823562
0.17336096,0.16497202,0.17800345,0.20666668
0.30508864,0.13332856,0.17155425,0.12718724
0.19982211,0.17461218,0.18424225,0.23356298
0.22189274,0.16167742,0.17276795,0.29133448
0.26130903,0.17725348,0.24901505,0.1253269
0.31085065,0.12771039,0.1673314,0.24224156
0.17779823,0.17065166,0.19636442,0.22763239
0.27247488,0.12022659,0.20307486,0.16777192
0.2048118,0.08494701,0.28061977,0.042038567
0.20161282,0.27869362,0.18166517,0.31776786
0.15930076,0.15643096,0.16486585,0.19666062
0.14678216,0.14911228,0.22521047,0.17968291
0.3683201,0.18613485,0.18915744,0.11693882
0.30326068,0.16963895,0.19641517,0.2347513
0.24891648,0.30814517,0.15703088,0.30260205
0.14903036,0.10727832,0.19370326,0.14863065
0.20459408,0.2848728,0.2596458,0.1884983
0.12352039,0.1337142,0.19208881,0.10464736
0.27710998,0.112677164,0.18218534,0.17487599
0.14754954,0.081881315,0.20846786,0.07686834
0.19341049,0.1316033,0.15696312,0.2523043
0.16328727,0.16386361,0.26728466,0.21471538
0.3570107,0.09454787,0.2867181,0.2950302
0.2536874,0.26681522,0.14250842,0.25074282
0.26734522,0.19327302,0.1900737,0.24774419
0.21758138,0.30016035,0.36345983,0.25689176
0.108569816,0.08389938,0.15192826,0.10854874
0.21121149,0.14422943,0.24887182,0.20187132
0.20157762,0.133403,0.19892763,0.24888751
0.20837188,0.119800694,0.13201019,0.15337628
0.22688867,0.124919266,0.1855663,0.24014573
0.5523706,0.3211266,0.1416335,0.13232674
0.12540177,0.21816067,0.20119293,0.19364312
0.14501865,0.12413769,0.20945753,0.15743339
0.2117629,0.15058513,0.26275986,0.18695626
0.15440424,0.15499292,0.26924828,0.17796671
0.10790058,0.11675872,0.23004113,0.15778483
0.11307329,0.09289513,0.16776575,0.17472278
0.30811164,0.11946292,0.1835396,0.2584218
0.27056044,0.15365888,0.15987495,0.2514021
0.11182388,0.13326125,0.1992488,0.14873244
0.15751125,0.23993167,0.1792289,0.2620197
0.28786477,0.22473536,0.15428731,0.26432616
0.3063083,0.106329866,0.2224128,0.2657122
0.17434835,0.13081166,0.23809294,0.25742343
0.25908127,0.27593052,0.1868756,0.2272676
0.2190066,0.13916959,0.1565871,0.2962823
0.19663937,0.14718989,0.25835764,0.2535874
0.22309305,0.13360344,0.18287449,0.23364179
0.2281593,0.13492224,0.32344842,0.2717621
0.23518035,0.15879212,0.17343721,0.40499496
0.17077497,0.12665536,0.23019046,0.15457515
0.20299709,0.1555027,0.15086415,0.24317104
0.47999862,0.084158465,0.21251096,0.042619985
0.2931889,0.24588242,0.2559216,0.10960833
0.27564228,0.2430539,0.27982515,0.20446707
0.33262497,0.14219248,0.16430108,0.08366868
0.3715265,0.08841306,0.090124436,0.15167667
0.21371746,0.22788492,0.16189472,0.24916907
0.1902493,0.162536,0.21807262,0.2463651
0.25653797,0.189923,0.19095449,0.2598742
0.45358202,0.05091571,0.25212747,0.0111654345
0.15406083,0.12444653,0.15040717,0.20213464
0.20121364,0.14382885,0.22095159,0.17059743
0.29303047,0.07475692,0.27426344,0.035030834
0.24503602,0.14211261,0.15663025,0.2387528
0.17439523,0.15465133,0.19396847,0.19255477
0.18970059,0.1424733,0.18119358,0.2682321
0.27661768,0.17750718,0.14467621,0.22474545
0.11934547,0.22762525,0.24293178,0.112617575
0.08785495,0.095929764,0.2528011,0.07412967
0.27030855,0.13178445,0.2610968,0.32463974
0.32924667,0.11498306,0.27230468,0.2275735
0.3040286,0.27218053,0.41054443,0.23806106
0.17388856,0.1532279,0.22287402,0.23595585
0.165231,0.10255926,0.21938619,0.27770665
0.13690962,0.1471743,0.19178343,0.095187016
0.29067746,0.23654698,0.27378777,0.109407894
0.21395656,0.31229892,0.11564397,0.2150431
0.05651268,0.09686116,0.12653111,0.100635745
0.25197622,0.07631864,0.19901037,0.15495025
0.20745867,0.20781368,0.12512879,0.21844165
0.25523585,0.20126021,0.14072917,0.23245142
0.34082928,0.1773892,0.15127034,0.27286017
0.21646859,0.1916803,0.20059013,0.15452503
0.25089535,0.10751502,0.22299625,0.19132066
0.09408353,0.11626565,0.21661174,0.15554938
0.17371935,0.1284555,0.19773261,0.17022353
0.28057364,0.16431677,0.14788982,0.26417583
0.12920552,0.09783998,0.24038453,0.16482744
0.38099486,0.14467235,0.20002048,0.1580756
0.2983549,0.30172843,0.3003032,0.18978544
0.30145863,0.11185703,0.24472682,0.11589486
0.06215255,0.12382043,0.20037225,0.20337544
0.14618298,0.18859315,0.18676598,0.19090705
0.11031012,0.14182062,0.21031511,0.2656804
0.12598442,0.11815112,0.17289905,0.14858025
0.124304466,0.14140722,0.1986703,0.13233612
0.09432421,0.17862813,0.18586321,0.16341451
0.20299558,0.21303807,0.17453997,0.2457627
0.16721019,0.15249304,0.17841013,0.12463016
0.3148735,0.20448385,0.15716076,0.1755182
0.088968,0.10374798,0.21961993,0.1318294
0.24091429,0.16262162,0.19207807,0.27635294
0.32052183,0.1309805,0.24603897,0.1695388
0.19270757,0.17226923,0.18969046,0.13367908
0.08358371,0.090612255,0.17130917,0.1778718
0.18235895,0.17677464,0.15387198,0.23108287
0.3267401,0.12519987,0.2139095,0.109586075
0.15698904,0.15735787,0.20749088,0.25167084
0.25822923,0.20176029,0.12329485,0.15627006
0.37745008,0.1874072,0.09463719,0.25741258
0.1556742,0.1373109,0.20074774,0.15379733
0.2252388,0.04467249,0.23218936,0.012623873
0.35169658,0.21594977,0.19969085,0.4033039
0.3071649,0.21225438,0.22306405,0.24728893
0.37290025,0.2283744,0.24700212,0.088677585
0.05183381,0.08655098,0.19741139,0.07160335
0.23147875,0.09269882,0.13306054,0.05033989
0.28349105,0.3460861,0.14763409,0.22238085
0.09997282,0.13180296,0.26418114,0.13550833
0.15958773,0.14558277,0.26321107,0.21164773
0.08709427,0.06437132,0.20855424,0.056979988
0.29115972,0.17007628,0.1726323,0.37501642
0.3378749,0.10718181,0.29526946,0.17987956
0.17404957,0.15280606,0.24938704,0.21794827
0.1807827,0.10685942,0.18607813,0.096724816
0.2480043,0.13223782,0.14563516,0.2030059
0.22638963,0.17301078,0.17048077,0.16798924
0.2923282,0.16350637,0.23082799,0.0699081
0.20571838,0.111028835,0.17626119,0.23135151
0.20151186,0.1649286,0.15779191,0.2377255
0.22971606,0.2372856,0.15282351,0.18722054
0.33740002,0.21432574,0.26928487,0.067492485
0.21682984,0.10513595,0.17120409,0.16863099
0.24578616,0.20013575,0.2693144,0.29899928
0.19480985,0.16137867,0.25589153,0.09897724
0.16235523,0.11751934,0.22157396,0.09760838
0.2018244,0.26500654,0.14007075,0.19074677
0.27682865,0.11716264,0.287952,0.13864014
0.16963717,0.17918688,0.18413918,0.19453149
0.12168073,0.17400259,0.21614401,0.15065058
0.20575865,0.11189671,0.19324628,0.19461086
0.32943177,0.14300261,0.24942107,0.12725861
0.18013804,0.15888894,0.17415966,0.21812157
0.34104404,0.17881057,0.27028635,0.23170558
0.29794887,0.16046186,0.2364421,0.1716735
0.3137027,0.164197,0.23625225,0.3203018
0.13851953,0.15827413,0.16605072,0.20288116
0.27288023,0.18863638,0.12277712,0.22722027
0.13831343,0.08272125,0.19422658,0.12911496
0.45501086,0.3345777,0.1621425,0.42199212
0.24730301,0.18365353,0.25285882,0.29708034
0.2124895,0.10843968,0.17843707,0.15063527
0.070349924,0.09779684,0.197254,0.1984279
0.12149703,0.08110419,0.16303493,0.13165952
0.12156278,0.14752746,0.15248224,0.17113812
0.16828723,0.08506875,0.16520827,0.13099779
0.27466565,0.16590184,0.24409954,0.17647792
0.08337098,0.09965754,0.17607996,0.05139483
0.30000255,0.25861445,0.20890637,0.22599436
0.24064262,0.14419524,0.17534982,0.23520903
0.090398654,0.13902032,0.18247822,0.11055323
0.11554627,0.09526697,0.16504352,0.18913755
0.31331062,0.2194966,0.28258508,0.17405112
0.3234984,0.1590222,0.16340123,0.2764812
0.18420991,0.15974042,0.338201,0.1722785
0.14022829,0.10451101,0.17096291,0.12777328
0.14966513,0.16474897,0.21041624,0.12683022
0.2671946,0.11479566,0.12242675,0.28561282
0.16683544,0.18431315,0.17725974,0.14503674
0.15209962,0.16438775,0.2545699,0.16469008
0.14162606,0.111337006,0.18643512,0.19490743
0.24847963,0.13285863,0.15998311,0.25532582
0.11752238,0.0790752,0.21534775,0.08190323
0.30118927,0.2621652,0.44907603,0.15926851
0.13004407,0.16750942,0.19588026,0.19248195
0.41716552,0.31855416,0.15271117,0.44910654
0.11356101,0.15483966,0.19902049,0.17149897
0.21413545,0.12666062,0.23325287,0.2185016
0.23328707,0.25406212,0.2484779,0.26081395
0.12977996,0.13447708,0.16379473,0.14518239
0.15229926,0.13024354,0.20058401,0.19317928
0.27077815,0.17521985,0.21974191,0.35867915
0.20905685,0.20577869,0.1858806,0.24873891
0.35352752,0.16046837,0.1414429,0.35224935
0.21987516,0.11615031,0.17585331,0.17585063
0.24587084,0.12769549,0.19355713,0.051136523
0.2877846,0.16753477,0.149556,0.27697024
0.21413253,0.080751315,0.20940213,0.229115
0.10425013,0.07836334,0.13690902,0.10830475
0.13851224,0.16663127,0.201992,0.17274295
0.19508053,0.15554567,0.26309583,0.12223182
0.48241946,0.040559582,0.25729918,0.016777521
0.3157198,0.21002534,0.17719376,0.28464755
0.21805692,0.18004476,0.23484394,0.20680065
0.22984809,0.19692001,0.21514428,0.21654344
0.19348173,0.13182671,0.22342113,0.19489235
0.28607017,0.12093526,0.19185139,0.018470805
0.118792765,0.1388764,0.19250098,0.19342516
0.12365852,0.1241232,0.21041463,0.1870832
0.28967398,0.31157577,0.20806094,0.18808763
0.25449526,0.2171652,0.15930907,0.21338066
0.3464878,0.18004017,0.2007508,0.3006554
0.056198955,0.089033954,0.19318461,0.0881399
0.24517877,0.22502334,0.20220442,0.25922266
0.13785025,0.10944842,0.20193218,0.11935169
0.23665792,0.21985938,0.19207102,0.28301224
0.18742906,0.0986969,0.18495351,0.11645927
0.124380976,0.07552651,0.1598286,0.14464812
0.27188665,0.16535482,0.21793076,0.17860708
0.39128673,0.18232799,0.23415765,0.018687509
0.24029781,0.17283416,0.19892396,0.2914717
0.14968945,0.19459838,0.2189648,0.2217692
0.11807052,0.095106885,0.21343218,0.19356883
0.302512,0.35817656,0.21028543,0.44423977
0.1330052,0.13250674,0.16648555,0.1566091
0.2283501,0.13109528,0.16812788,0.20648357
0.26003546,0.16989093,0.22115748,0.113733925
0.18903549,0.1881159,0.31875998,0.23909913
0.27171245,0.22703297,0.1961443,0.11129589
0.35558224,0.10738646,0.18779022,0.37239182
0.36896625,0.19315837,0.20526136,0.2393844
0.10659871,0.09628052,0.21112461,0.12897241
0.1454656,0.19177678,0.16144966,0.21100155
0.26822996,0.2447197,0.33198854,0.27255177
0.1559298,0.13426526,0.22106622,0.2050535
0.2567551,0.15383841,0.20681663,0.24161623
0.120234236,0.119039655,0.2002851,0.21540831
0.22405477,0.1894116,0.1644307,0.26576665
0.15510274,0.13356525,0.19196047,0.15856047
0.21552688,0.22679639,0.1724969,0.35532814
0.14513247,0.075049356,0.21957986,0.19046037
0.22520433,0.18278375,0.17790356,0.22893788
0.16490741,0.16223624,0.18484014,0.22068384
0.09307002,0.16153637,0.19551897,0.085803136
0.2605685,0.16049169,0.20426482,0.18875167
0.14174402,0.16770571,0.21211438,0.22349031
0.25759235,0.18122287,0.14134492,0.21502009
0.36683658,0.046590723,0.19376378,0.23073697
0.075053856,0.06753206,0.18543698,0.15531248
0.15536815,0.23403744,0.17444949,0.16711771
0.23018304,0.10784816,0.16559947,0.11766211
0.17233355,0.1632184,0.16372931,0.21650892
0.32752055,0.2737035,0.15386687,0.36485794
0.1617496,0.1437304,0.2905416,0.19866267
0.16138947,0.17088097,0.19232917,0.20388235
0.2569857,0.13899882,0.28202182,0.15913804
0.20023377,0.15626423,0.18856625,0.13628489
0.17672987,0.25046062,0.23599136,0.3175112
0.16605206,0.19140261,0.1619793,0.26363984
0.10866733,0.07806987,0.19185437,0.11822864
0.23829056,0.13030404,0.25981203,0.10516062
0.18590276,0.12067806,0.1520719,0.21085201
0.12824021,0.064606756,0.2193688,0.10044404
0.3643916,0.17664726,0.15319833,0.28313175
0.10598429,0.1318316,0.1491515,0.19707322
0.18917447,0.15366045,0.20426403,0.2021669
0.19419594,0.15229024,0.19326252,0.20024194
0.26676813,0.22150934,0.13517556,0.1832132
0.090842076,0.13933267,0.19419716,0.18749382
0.21974121,0.1438693,0.17776063,0.21120656
0.08978759,0.13930273,0.20939034,0.1426287
0.40635553,0.121659026,0.18499622,0.037639696
0.167081,0.2569686,0.12906457,0.21326818
0.14769481,0.22002569,0.16252466,0.21418469
0.2532949,0.1816342,0.13526928,0.16085024
0.52321845,0.32310554,0.30867985,0.26164383
0.19037938,0.13355105,0.2537843,0.24208364
0.1454698,0.14800555,0.19093627,0.1879449
0.5700971,0.13347237,0.16194989,0.29399857
0.1151544,0.10605873,0.14769386,0.14410232
0.22608456,0.14908794,0.24084473,0.18560146
0.15518895,0.107343294,0.16350617,0.086048976
0.18680406,0.18818447,0.21425971,0.15927137
0.28829268,0.16513093,0.20129375,0.25400895
0.13819812,0.09896682,0.1858338,0.14083299
0.15999357,0.10387846,0.1831777,0.053815436
0.107842185,0.12259097,0.17828035,0.20370357
0.19793718,0.16590948,0.15795025,0.19226249
0.3608825,0.27859262,0.22300662,0.19558877
0.16554777,0.16308768,0.2451301,0.24772325
0.12191833,0.12240058,0.16451074,0.19062662
0.3061663,0.10394875,0.13121611,0.3248319
0.24012114,0.29078922,0.24689154,0.33042878
0.3709367,0.27670035,0.23868756,0.22039212
0.3125866,0.24644975,0.29699734,0.31061426
0.20059721,0.19368063,0.20891766,0.30995125
0.088358656,0.07967054,0.18449557,0.15918407
0.09246654,0.11866761,0.16211918,0.15924154
0.2920652,0.104373254,0.17001483,0.22162847
0.2561125,0.19220133,0.21054415,0.33150488
0.16716087,0.20642662,0.27300778,0.25039753
0.1284314,0.13726422,0.21499304,0.20269842
0.16990623,0.031967662,0.33753508,0.046910148
0.21603929,0.13536428,0.22043742,0.23727162
0.14244686,0.124655075,0.17547199,0.12520042
0.22052217,0.1798174,0.24569479,0.21308474
0.09023445,0.0906168,0.17470156,0.119023085
0.14229973,0.11627175,0.2174429,0.18147177
0.38251486,0.099778615,0.14403613,0.10278746
0.32284626,0.10410161,0.24315514,0.1686315
0.24517937,0.21071523,0.149435,0.2708389
0.21763313,0.1657754,0.14796343,0.10754307
0.2931133,0.16713627,0.14673103,0.33855432
0.11721917,0.10291031,0.20314811,0.1371407
0.26768512,0.21308728,0.15232323,0.2660804
0.15938179,0.11616148,0.20619681,0.13086954
0.195537,0.17504346,0.29942238,0.23910165
0.37686795,0.1978645,0.15236303,0.1184843
0.1266466,0.14207149,0.23183657,0.23808621
0.24906786,0.23263477,0.21526481,0.19348381
0.22805068,0.18913351,0.199299,0.19555849
0.24602135,0.18772829,0.2274463,0.24734505
0.17495577,0.096159115,0.26383582,0.14338814
0.16285749,0.11712281,0.16064298,0.08409113
0.24782944,0.18973918,0.22756496,0.06790318
0.3060117,0.23637637,0.15908907,0.07867785
0.34038362,0.20704465,0.27081037,0.095344454
0.19380705,0.20193544,0.21551886,0.22279546
0.12872921,0.10726088,0.17160904,0.14096186
0.20596783,0.105233714,0.16973463,0.10670592
0.12265117,0.14744917,0.2503331,0.21929629
0.11052496,0.07773631,0.24830072,0.041111007
0.20873395,0.124222234,0.1700962,0.1629178
0.31819788,0.1298314,0.22798462,0.27932468
0.08924458,0.09593168,0.20083384,0.1261028
0.3087095,0.053193573,0.1926333,0.021538483
0.11439405,0.10175251,0.17539302,0.16602294
0.17739287,0.18729822,0.18883759,0.18931988
0.20197192,0.20719762,0.22573765,0.20605764
0.34124961,0.19421542,0.15497868,0.20213854
0.34846514,0.16593635,0.124646194,0.33691946
0.47971714,0.19954501,0.22711678,0.42996728
0.14161797,0.17826241,0.21554928,0.20888238
0.39423287,0.11745233,0.30339667,0.032312278
0.22701216,0.12362611,0.17405316,0.19623114
0.14973228,0.14691752,0.1901685,0.15220292
0.20142362,0.15721801,0.19816445,0.19750322
0.29946873,0.22565041,0.30082783,0.050842833
0.2723634,0.09929967,0.28109512,0.071253754
0.28374577,0.2208454,0.15295744,0.26057684
0.107206024,0.12833777,0.19548328,0.22067836
0.15429963,0.13165304,0.20063843,0.15929389
0.20871392,0.17999782,0.15664546,0.10146723
0.38390723,0.17159188,0.19626752,0.3032816
0.15924501,0.114352785,0.19223888,0.20692603
0.30514365,0.12579896,0.119453214,0.25459683
0.28853217,0.17345238,0.23590313,0.27267435
0.13248041,0.14045379,0.19131355,0.17831539
0.45203078,0.08226554,0.2202111,0.077427946
0.20846462,0.12629291,0.21690036,0.1928538
0.10178145,0.14579038,0.20801893,0.23525643
0.23792769,0.17153622,0.13017456,0.21299902
0.5240952,0.17812967,0.28396705,0.38959524
0.40201795,0.12785754,0.1385579,0.3079667
0.08714645,0.10135593,0.17190993,0.20676506
0.31131035,0.13495189,0.12821424,0.1374951
0.307124,0.20475763,0.22665572,0.23575757
0.23948689,0.20165803,0.26451084,0.22620107
0.29322904,0.17158805,0.22154252,0.15028152
0.10480428,0.15725967,0.21175551,0.08414145
0.12595567,0.11328009,0.1827859,0.1693467
0.17135711,0.1168037,0.1978039,0.13684806
0.11841631,0.16703843,0.19505814,0.10630083
0.23659743,0.13831428,0.19321287,0.2154563
0.26343635,0.20970768,0.15604049,0.19325285
0.29218978,0.29731247,0.18351068,0.27140054
0.13548209,0.11468319,0.18133736,0.14934155
0.21989691,0.28198048,0.17293902,0.27638662
0.22329694,0.10517142,0.21930572,0.15900624
0.20800194,0.1273724,0.17211564,0.21852943
0.073447116,0.07056356,0.21619247,0.068420425
0.17993532,0.14072606,0.17182419,0.18318759
0.18569307,0.18334697,0.25303623,0.21953529
0.16129214,0.12556268,0.17458147,0.17247514
0.23740984,0.09360862,0.20006901,0.16065265
0.11992753,0.21163115,0.28362575,0.24980311
0.22290011,0.11284036,0.20754276,0.05136716
0.15519834,0.16785675,0.21560898,0.1930527
0.13374919,0.13483128,0.21870594,0.21645346
0.1904383,0.13907798,0.18579812,0.22886373
0.12478281,0.09813487,0.19209826,0.113532715
0.13596538,0.15350299,0.29413736,0.18600999
0.08888882,0.094676405,0.19290878,0.15402947
0.25548723,0.094708025,0.18379435,0.24830543
0.1621731,0.11892101,0.2633213,0.11418711
0.25329065,0.18012583,0.1489302,0.28923243
0.2401032,0.19708782,0.2329229,0.3241802
0.23299079,0.15215208,0.16417348,0.19490899
0.08802461,0.12754351,0.15735771,0.17349106
0.10046094,0.14782192,0.19709972,0.10923028
0.18958007,0.20773418,0.14477621,0.17911297
0.33998123,0.19504848,0.23880917,0.033288788
0.27542502,0.24492633,0.21476865,0.12653406
0.31856143,0.17005199,0.22450405,0.2484457
0.14764762,0.20411636,0.29953325,0.15807234
0.40806067,0.26995823,0.246101,0.43566817
0.16077392,0.06050822,0.17841908,0.13310926
0.17128733,0.15787488,0.2440425,0.18747415
0.18979245,0.22929858,0.22740996,0.19951707
0.118385606,0.0951609,0.17943957,0.10793394
0.23518074,0.15812042,0.2423143,0.22335784
0.33647642,0.100223854,0.3288104,0.22166173
0.21051179,0.18558493,0.20792149,0.1788523
0.11018297,0.15570961,0.18404199,0.1788454
0.14328654,0.15739591,0.1571862,0.19923386
0.2586906,0.32914943,0.13977514,0.21571201
0.51785016,0.14947678,0.26603174,0.30823067
0.17289634,0.1635482,0.19553694,0.13323024
0.26198038,0.1728384,0.1806457,0.2417651
0.3340447,0.15616147,0.23078787,0.15806596
0.2613018,0.13964063,0.18190126,0.2426677
0.20960172,0.14231676,0.17113264,0.27410382
0.20045012,0.15293905,0.17558604,0.17039062
0.17579289,0.14024726,0.19608317,0.17450705
0.27186772,0.1661754,0.15482597,0.24213912
0.23744524,0.10917965,0.18390137,0.2191202
0.16751197,0.13680336,0.21754724,0.092362784
0.22896059,0.16463129,0.14360437,0.29738986
0.3683937,0.19609913,0.2198145,0.28080213
0.22670653,0.1860098,0.21458529,0.10579541
0.25587824,0.256912,0.17026249,0.30245316
0.11257879,0.08343184,0.16652894,0.062669866
0.13435672,0.076859295,0.17985088,0.12548785
0.21174014,0.11932983,0.16454212,0.26488957
0.29266536,0.13681698,0.1364984,0.217784
0.34885147,0.29765227,0.18728209,0.29336017
0.28625688,0.21533696,0.35241035,0.2867682
0.2014662,0.17982025,0.19309667,0.21941608
0.27195734,0.2510654,0.23751839,0.29845712
0.23656648,0.10595568,0.2345782,0.0434356
0.22257605,0.23753875,0.1902411,0.33898306
0.2276287,0.24143782,0.12970544,0.15894598
0.21394311,0.16018224,0.23035097,0.237958
0.22541873,0.19808157,0.14315996,0.16787438
0.2102624,0.1594036,0.18351027,0.25436428
0.19829802,0.1628146,0.16288519,0.19471094
0.30848923,0.220232,0.1495805,0.30423915
0.32269278,0.15267338,0.1717191,0.36959168
0.17643699,0.10838228,0.16964658,0.1723437
0.39996636,0.096045434,0.13608658,0.25662884
0.23212902,0.15440848,0.17896852,0.23964383
0.36637592,0.3792459,0.28199294,0.083001725
0.28307047,0.1585186,0.14335226,0.232095
0.13262722,0.15074511,0.18467613,0.2043966
0.1001496,0.12229586,0.14108081,0.18590744
0.22224174,0.12736511,0.16255796,0.19710335
0.11927238,0.16201751,0.32934877,0.17365147
0.19042625,0.1407544,0.16288579,0.11084873
0.28542447,0.03850689,0.19484045,0.013318899
0.49452075,0.096581586,0.26125625,0.07524238
0.16911042,0.10582874,0.20753828,0.10541466
0.17805183,0.16688049,0.15978953,0.15080762
0.24069463,0.17465065,0.19828793,0.21139614
0.14533088,0.18542391,0.1634061,0.15581223
0.19237901,0.050773814,0.23450059,0.21401115
0.33516258,0.19962263,0.23108053,0.21456063
0.217495,0.15569432,0.22464177,0.23236255
0.31459802,0.16852008,0.15363578,0.19706422
0.11471791,0.14254317,0.17799553,0.20920993
0.24028696,0.15478009,0.278327,0.25077158
0.25290394,0.046955626,0.2367264,0.0452841
0.25153017,0.19765036,0.13534398,0.04294803
0.2776873,0.20156261,0.23098086,0.1992655
0.21190387,0.18004099,0.2464796,0.19939882
0.2161988,0.24011274,0.21290705,0.117418766
0.14646502,0.22788076,0.17329714,0.20922536
0.25845215,0.099279314,0.26380724,0.034164604
0.30093962,0.30984798,0.13650136,0.45930508
0.1492543,0.13703023,0.2087987,0.17983043
0.35575452,0.083051495,0.32182726,0.044858348
0.23560354,0.13727222,0.13462211,0.050799657
0.2097089,0.15792292,0.19506153,0.23922268
0.14461981,0.114278644,0.1641502,0.19029409
0.19468878,0.2255385,0.17835763,0.20922722
0.283966,0.15959041,0.2246565,0.37212312
0.16053589,0.12698522,0.17413846,0.27926266
0.18160753,0.19938222,0.17611511,0.14028437
0.29814053,0.20056055,0.24324621,0.32241625
0.08595876,0.07577142,0.180407,0.086406335
0.26543862,0.24638817,0.2341,0.23514062
0.2689546,0.12671775,0.15237194,0.09760535
0.17242321,0.13906479,0.28491086,0.118979275
0.1310939,0.07606047,0.19140859,0.09910232
0.09948865,0.07366632,0.18914208,0.09616492
0.34493524,0.18137708,0.108433746,0.25779057
0.22244115,0.1943747,0.11845738,0.30692965
0.22017401,0.17807247,0.2012692,0.24334185
0.07970084,0.16383061,0.19505876,0.14410849
0.1375224,0.12897713,0.15731603,0.2351213
0.22443947,0.17367691,0.22420557,0.19549063
0.36267692,0.26110804,0.21722707,0.4193078
0.26806062,0.15230745,0.17242166,0.29913455
0.2455755,0.124456026,0.20376426,0.2255368
0.2465119,0.22921523,0.18034874,0.25695
0.13902952,0.08802902,0.24972896,0.21917745
0.11864986,0.10713116,0.22165637,0.1909353
0.14746916,0.124901064,0.19342259,0.1505877
0.27737266,0.25141522,0.21422951,0.24006534
0.10907658,0.081888855,0.14802438,0.15932873
0.20430622,0.23528889,0.23764741,0.33384728
0.32363805,0.09092065,0.25603497,0.44156778
0.27265346,0.35525277,0.18517278,0.2375784
0.31616756,0.11751964,0.24026807,0.08264377
0.27842447,0.17368488,0.25531018,0.19026935
0.13335921,0.10679464,0.23919415,0.16352572
0.22443102,0.09209368,0.17500436,0.18356769
0.3409874,0.12575059,0.1970713,0.24594736
0.092055954,0.1219996,0.2272508,0.11670073
0.23737834,0.103241116,0.20009814,0.18329097
0.08394938,0.07254145,0.15846431,0.12233323
0.28538918,0.20023459,0.14801903,0.19617467
0.36310717,0.07216224,0.26689807,0.1818168
0.21938902,0.09345427,0.19438504,0.17973828
0.1476115,0.13173437,0.20286332,0.19862087
0.14029154,0.15296003,0.18260086,0.08383164
0.15273343,0.19512583,0.1933078,0.2665782
0.115382805,0.13979802,0.1960277,0.16150932
0.22774445,0.21707898,0.198982,0.1968872
0.23853722,0.20171854,0.27112764,0.2103126
0.21224529,0.08732343,0.15868159,0.12133314
0.17682977,0.119688064,0.272823,0.1503811
0.24308224,0.12498122,0.20696567,0.08413634
0.2671227,0.22611864,0.29694808,0.32155302
0.22181544,0.15449952,0.24015073,0.23908083
0.11587255,0.07667927,0.16982037,0.13364477
0.18049788,0.28509003,0.2930389,0.10624553
0.22663523,0.18784474,0.19264255,0.22768454
0.22082838,0.2789237,0.22024703,0.30691552
0.29442066,0.09851668,0.24269983,0.06890708
0.2738721,0.19797121,0.1546059,0.20859435
0.27979964,0.22841065,0.21177968,0.17216462
0.14179347,0.1398039,0.19966695,0.14388001
0.17390907,0.14046982,0.19279759,0.1878457
0.22929311,0.15905741,0.22460164,0.2826171
0.20005041,0.1859248,0.18321972,0.20152186
0.30260897,0.20531836,0.10236914,0.22862543
0.42590424,0.2685577,0.17998382,0.54473734
0.11309708,0.124666065,0.21514468,0.17244394
0.17263687,0.21057406,0.2514692,0.17335752
0.15415482,0.1991527,0.22203954,0.051327165
0.29217687,0.17188789,0.106605835,0.2738197
0.4692374,0.32906386,0.18176793,0.14305559
0.19567138,0.30487296,0.15707593,0.20212358
0.23140329,0.22423218,0.24408521,0.2752362
0.13165791,0.088988155,0.2348279,0.19535486
0.10890002,0.1574357,0.1925286,0.15574515
0.43948272,0.2552829,0.2653525,0.13520198
0.15318726,0.21122234,0.13161792,0.23634769
0.25543442,0.07147269,0.17691083,0.02849611
0.12515584,0.08360453,0.17441463,0.09779233
0.11049246,0.10612258,0.17289211,0.15384303
0.16704597,0.19753146,0.17960623,0.16216595
0.22499953,0.1414167,0.16286238,0.19118266
0.22121243,0.15117662,0.1705353,0.22343448
0.18727951,0.14675608,0.2520723,0.23977683
0.18366124,0.17669638,0.20263079,0.12480158
0.12873857,0.11911474,0.17017004,0.18684472
0.23935124,0.22707877,0.127868,0.17840178
0.12519069,0.19768183,0.22088425,0.23417616
0.19765505,0.15765037,0.18948463,0.28472126
0.17115104,0.11906938,0.19223548,0.099114485
0.24321115,0.13610105,0.17753422,0.34327185
0.209015,0.16291445,0.21973328,0.24043044
0.29767376,0.09531172,0.24065813,0.27295196
0.15097143,0.18588568,0.25146377,0.15851355
0.29786327,0.08527577,0.2479023,0.15436228
0.13237438,0.10829772,0.17564294,0.15509437
0.29134765,0.18309447,0.1564117,0.21595258
0.062777676,0.08646372,0.19591051,0.06379819
0.102975845,0.069182366,0.18406102,0.047329333
0.21870846,0.19284089,0.19348395,0.27669948
0.262956,0.12596557,0.14083453,0.19655298
0.14991164,0.13362359,0.23133871,0.16547374
0.28178504,0.21377306,0.13312621,0.32927504
0.1735399,0.1959679,0.18611157,0.2613079
0.32397068,0.28905118,0.19710445,0.20659895
0.2911495,0.18781814,0.30006462,0.31010273
0.14882581,0.16517344,0.15673894,0.13322948
0.37995476,0.19932634,0.24727234,0.2274214
0.17006184,0.06394552,0.20994116,0.062360097
0.24284364,0.18864489,0.21866283,0.30452117
0.294708,0.1472694,0.25308555,0.04366048
0.20747018,0.21617861,0.2224053,0.30517188
0.26235792,0.18802142,0.2415068,0.2808486
0.27934608,0.18974471,0.0966806,0.20759
0.24003349,0.2188867,0.1714296,0.20567195
0.30053103,0.236488,0.17984767,0.39037025
0.1688527,0.16882303,0.20002979,0.08544827
0.17697193,0.12239907,0.161626,0.19430764
0.092402875,0.13180749,0.16685173,0.2236125
0.23670363,0.27939558,0.15483578,0.48434097
0.13447598,0.111068115,0.18807249,0.18963242
0.27505538,0.18094663,0.14735223,0.24183716
0.13612129,0.09274869,0.2017707,0.10735106
0.18336405,0.13586704,0.16586214,0.27391064
0.31205994,0.13360654,0.186827,0.19146723
0.16523728,0.12416716,0.17605461,0.25984415
0.26770663,0.12650627,0.19643928,0.23811089
0.18470646,0.25948498,0.27733815,0.2855002
0.3381179,0.14625663,0.105543606,0.40751943
0.23217106,0.22532678,0.26394877,0.13561477
0.14632514,0.17189501,0.27882677,0.15872225
0.15364748,0.102053,0.18846673,0.17938548
0.2937282,0.2874928,0.17305623,0.35039324
0.10241008,0.06721311,0.23417607,0.07283014
0.13400176,0.08373841,0.19193989,0.09463199
0.2881571,0.18223624,0.20537381,0.17214184
0.06981843,0.08223739,0.15386665,0.15261795
0.27675062,0.12542056,0.23057957,0.32304192
0.17360176,0.16937505,0.19406857,0.22260582
0.24695732,0.25587794,0.21679185,0.20351551
0.17915188,0.17058803,0.18657793,0.20883933
0.17737243,0.19818263,0.28913277,0.19870256
0.22669989,0.13450922,0.18841527,0.13037488
0.3069925,0.19688347,0.2763556,0.32432035
0.19236766,0.10768232,0.2150028,0.099167526
0.19049165,0.11809155,0.23981096,0.07603417
0.120795965,0.13186494,0.16564745,0.16669479
0.2530448,0.18236999,0.1401488,0.3388061
0.12174533,0.12663433,0.18418902,0.110946506
0.21246982,0.17922515,0.21607074,0.19185907
0.12026955,0.13356298,0.21333863,0.1407978
0.31510323,0.20189166,0.109790266,0.27093127
0.20248768,0.21778703,0.25832006,0.32054505
0.31770316,0.15091236,0.19588356,0.24813238
0.19555919,0.16657549,0.17305005,0.20552826
0.16591239,0.15877631,0.19854103,0.16685192
0.17654864,0.15963742,0.18278326,0.2546275
0.27678576,0.20608543,0.18190368,0.28622302
0.45348892,0.21992289,0.19277573,0.22621374
0.16829255,0.095730044,0.20201075,0.15752047
0.28797308,0.20621923,0.13019922,0.23803177
0.12238414,0.09785413,0.21427092,0.09941338
0.25009272,0.08751058,0.2623404,0.03617961
0.33722925,0.18927205,0.19986965,0.31749386
0.26855198,0.26133528,0.16800721,0.20840858
0.1552126,0.15704061,0.2503731,0.23108347
0.1216542,0.14793095,0.17979395,0.13873163
0.24799202,0.13194408,0.22210482,0.29396728
0.23908797,0.13830414,0.16239868,0.18926895
0.18592577,0.097813606,0.19375123,0.12720035
0.23214944,0.15405624,0.15148559,0.17161284
0.3583143,0.15748717,0.1388652,0.2506861
0.18330109,0.11813927,0.18545511,0.13242097
0.20168449,0.03924126,0.17907917,0.013362454
0.17525962,0.12659608,0.23611096,0.11963986
0.23277877,0.18622571,0.21534705,0.37318233
0.10084241,0.111046456,0.2049081,0.123838544
0.13196142,0.2459649,0.18037802,0.16416427
0.24646041,0.050119195,0.2392877,0.020769149
0.27555797,0.22012413,0.22807144,0.24657343
0.21373454,0.15138377,0.22113256,0.1223593
0.19079892,0.16003926,0.29276603,0.21559523
0.32472014,0.114683874,0.17094445,0.3679599
0.16182998,0.19365713,0.19863506,0.18490936
0.27152613,0.2751832,0.29182371,0.21644115
0.3354681,0.098996356,0.15481254,0.33015695
0.27177638,0.21437624,0.19311284,0.30644283
0.16579963,0.2741998,0.20060205,0.19707637
0.17468897,0.10441956,0.26402757,0.10240048
0.20035858,0.092658825,0.18802355,0.059180573
0.3717928,0.2752293,0.21703488,0.2300303
0.15209042,0.22621211,0.1654197,0.15325384
0.21964924,0.16359313,0.18622527,0.19944297
0.22918817,0.108816676,0.15809633,0.14091742
0.28176057,0.19413431,0.14207289,0.25136504
0.14239383,0.1809675,0.188083,0.2387189
0.1601451,0.17997217,0.21558826,0.1750047
0.17633885,0.12450924,0.14558862,0.1857184
0.25401324,0.16333924,0.24612334,0.082111575
0.32402915,0.2704989,0.12509088,0.34700587
0.118763335,0.15717481,0.24259904,0.26811174
0.15484397,0.18628593,0.16465747,0.21042743
0.23650213,0.24554732,0.3977926,0.36809623
0.14150907,0.1286627,0.16848549,0.16761342
0.13965046,0.17443785,0.21547583,0.13247052
0.26969263,0.19569753,0.19022794,0.20002308
0.27699894,0.19773716,0.09212366,0.22664452
0.24317731,0.15663433,0.27591884,0.21886328
0.24504136,0.0650083,0.15640743,0.014717533
0.18269902,0.17157418,0.25395182,0.2164355
0.15920894,0.16063336,0.19544727,0.2002135
0.17709437,0.15976818,0.21554512,0.15754782
0.148805,0.20926401,0.27524638,0.1742203
0.29787317,0.16029926,0.13912106,0.18450162
0.2233809,0.18255311,0.115377106,0.3243139
0.20023127,0.14338483,0.15990067,0.16349657
0.11125103,0.105133265,0.15740018,0.2702887
0.31536067,0.15417147,0.15252522,0.3451415
0.36473647,0.083592884,0.24601334,0.2702956
0.122518025,0.10015982,0.1593564,0.15754156
0.26789287,0.26889357,0.25624686,0.10883976
0.30946046,0.15382999,0.18318701,0.15883085
0.205809,0.13804176,0.23917514,0.2178144
0.24428155,0.1779287,0.15708709,0.2042732
0.10567166,0.1528222,0.22301222,0.22287215
0.16856083,0.187073,0.1786987,0.19560735
0.46923158,0.32695556,0.24878745,0.074362844
0.20921788,0.17180975,0.27582496,0.2666884
0.11342254,0.11438636,0.22699432,0.13744304
0.18979496,0.18906242,0.22683214,0.21594717
0.19717897,0.15093268,0.23668702,0.18358442
0.26629367,0.11875443,0.18280447,0.30336213
0.18118453,0.18971238,0.21721385,0.23542947
0.29571816,0.24446878,0.18272065,0.37497902
0.24376789,0.1592703,0.21498631,0.33193356
0.37638134,0.18053736,0.09529833,0.38230306
0.18345134,0.116407394,0.19961084,0.1859353
0.09841865,0.12939411,0.19970071,0.18900089
0.11604648,0.2561863,0.25122157,0.1678793
0.23762824,0.2189423,0.30609784,0.25371373
0.1289203,0.14184627,0.16013762,0.14749408
0.15702951,0.12693553,0.1866177,0.19701338
0.22421385,0.047899567,0.17975076,0.21566203
0.21444085,0.15280408,0.19379622,0.1865572
0.29270953,0.14923246,0.2400734,0.23162784
0.35154316,0.23686743,0.18479647,0.26585507
0.12101273,0.17256936,0.17362835,0.20430101
0.27838066,0.12630698,0.23717645,0.13795193
0.2515562,0.17397317,0.17771967,0.18278033
0.14058934,0.19778933,0.2369335,0.16796085
0.11584573,0.0782813,0.21808232,0.17599167
0.23148869,0.20338693,0.20805222,0.23240344
0.34171236,0.2247182,0.21056877,0.3407043
0.15266627,0.087124266,0.18807772,0.03506221
0.22682759,0.13979886,0.18257749,0.1936021
0.29147056,0.08498472,0.18651007,0.09885577
0.19521286,0.18436886,0.17220852,0.18559198
0.27024534,0.13000396,0.13904855,0.45328745
0.2276071,0.16778591,0.1626797,0.293458
0.69543487,0.18035644,0.086364396,0.5417832
0.10595045,0.10131081,0.17184296,0.16621459
0.24862368,0.102014944,0.125379,0.31018627
0.13914463,0.081355214,0.1880387,0.1199321
0.18521222,0.1133509,0.15824178,0.239305
0.2358869,0.12478745,0.23129739,0.27632484
0.13143358,0.10980292,0.22521669,0.17311186
0.31539243,0.2112675,0.18907622,0.25204933
0.1848935,0.16211696,0.19071418,0.16768524
0.14758615,0.10171102,0.15928525,0.15116417
0.21929319,0.19948637,0.17144167,0.24009944
0.13164246,0.04821978,0.24421234,0.04398607
0.43426195,0.11253751,0.26039952,0.06450352
0.25407654,0.185539,0.20823924,0.22496273
0.113428324,0.13280858,0.17658831,0.15358883
0.10648481,0.113705516,0.23139782,0.12328688
0.13937402,0.12784052,0.2821686,0.28860343
0.22694868,0.18989079,0.16141607,0.23103309
0.16404574,0.09010069,0.18089965,0.14368533
0.27402362,0.13658641,0.24583796,0.23827948
0.25524494,0.10501035,0.23555894,0.037044577
0.15021908,0.17785926,0.19969013,0.2764783
0.14182901,0.18574016,0.20053852,0.046252307
0.17757177,0.15013883,0.22477947,0.24380997
0.18594798,0.16926597,0.1892929,0.25253785
0.09220947,0.11779325,0.19727422,0.1561046
0.1758944,0.2026219,0.25906977,0.251751
0.24829061,0.12989381,0.1760008,0.22804001
0.17137474,0.15203197,0.14236332,0.21489261
0.2555618,0.14125687,0.32467514,0.052988976
0.2024443,0.10720229,0.18577705,0.19773133
0.29203996,0.18975186,0.27996355,0.2499251
0.16645059,0.1322657,0.22994766,0.17183119
0.20421728,0.19220126,0.16782147,0.11790193
0.16938356,0.20436263,0.16251758,0.20908363
0.36898294,0.24382068,0.22494102,0.04361646
0.19292504,0.16577178,0.25461304,0.30763438
0.14223686,0.1624366,0.18712874,0.25195006
0.13247961,0.07401841,0.15491399,0.113989666
0.38136312,0.19996534,0.1917242,0.26421863
0.32840654,0.110368736,0.1586883,0.34059322
0.17668462,0.25044876,0.27475312,0.16739997
0.21065804,0.13378178,0.22113584,0.24080454
0.3578639,0.21924643,0.27851394,0.28993425
0.16642432,0.116075575,0.20133995,0.23675118
0.32451543,0.094479665,0.13935575,0.041691784
0.18324451,0.4332941,0.16926236,0.22307186
0.46683758,0.12013498,0.26496378,0.06373661
0.2698815,0.1897377,0.19514005,0.09436672
0.3071975,0.21998432,0.12298461,0.21255302
0.15695216,0.14936328,0.2368076,0.23879963
0.16568956,0.15462792,0.17287906,0.27557018
0.20229581,0.15085885,0.16977979,0.22938193
0.23393834,0.16863427,0.2689113,0.20069538
0.223294,0.14706784,0.1944763,0.21739823
0.32835662,0.14207503,0.17828548,0.06290996
0.15048519,0.16549446,0.17241064,0.2223262
0.14396673,0.10377793,0.15942664,0.09793961
0.1305199,0.1487152,0.23937373,0.22126395
0.26437315,0.20613079,0.2298352,0.16486631
0.26388812,0.14114091,0.19159621,0.2724442
0.5494902,0.14721054,0.2845875,0.3332849
0.35750887,0.18258001,0.30253875,0.055358585
0.20213749,0.113761544,0.21207209,0.11308945
0.1533965,0.092033096,0.21394302,0.14607564
0.14587572,0.18705715,0.29265854,0.115579695
0.13035484,0.18766737,0.22673674,0.29570037
0.21694681,0.19845994,0.34488347,0.22941358
0.25226066,0.15303,0.22959338,0.26018313
0.25736594,0.096244976,0.19272184,0.17337053
0.3366873,0.220011,0.14850368,0.18976226
0.19188681,0.15690301,0.19249828,0.21359178
0.14658828,0.10220284,0.16111714,0.18855773
0.25317407,0.15010586,0.1754679,0.2693362
0.2754169,0.09811974,0.2519214,0.06294841
0.24487917,0.23760018,0.29608324,0.25202215
0.10796268,0.11805479,0.19620642,0.14086683
0.041090112,0.10809088,0.19116402,0.15168826
0.27780238,0.14377923,0.27988812,0.27508986
0.3863228,0.24665637,0.23575434,0.05612891
0.11052831,0.09061089,0.13641249,0.12341069
0.23550731,0.17742036,0.23076968,0.11303939
0.23795713,0.12787968,0.2267567,0.22745901
0.1957749,0.11448645,0.13648196,0.11829666
0.15124546,0.10477044,0.1700642,0.17028537
0.119446024,0.13842487,0.20127977,0.1560212
0.15198548,0.105075866,0.20621724,0.13785703
0.12884063,0.23183043,0.25728983,0.17086844
0.35562372,0.1469622,0.13728465,0.22976936
0.28112715,0.20930034,0.16279851,0.18373716
0.15839589,0.13811193,0.20889689,0.22290502
0.26815313,0.13698395,0.23117207,0.23646185
0.4994994,0.3929698,0.25927618,0.19680351
0.25050566,0.1569819,0.16862024,0.3156104
0.31074557,0.1277434,0.2723353,0.1932685
0.17428973,0.13031669,0.16601767,0.2239816
0.195823,0.09831141,0.20538281,0.12180765
0.12818347,0.13417442,0.15828638,0.2236113
0.10977276,0.10399813,0.15716498,0.16386244
0.102603905,0.12195293,0.17016326,0.16823286
0.21333236,0.21074492,0.22529382,0.23285395
0.3644625,0.21858005,0.1664405,0.074341096
0.42839617,0.039867885,0.12655799,0.11060605
0.20417787,0.1564675,0.15531245,0.24056622
0.17378026,0.12355587,0.17452107,0.12139665
0.33272687,0.19012997,0.20493385,0.3564621
0.3427578,0.22470339,0.22288786,0.23064929
0.07844403,0.13011666,0.20356514,0.22579245
0.18899384,0.18079425,0.24679413,0.04969169
0.30166435,0.23730385,0.14362039,0.28226113
0.17845242,0.13269,0.1556521,0.15958847
0.14607534,0.16672769,0.16226865,0.13708752
0.2557375,0.13542978,0.16446255,0.18713824
0.25039712,0.19775121,0.10858501,0.36641037
0.20943931,0.22796786,0.16675751,0.25656283
0.13100868,0.079427205,0.16773716,0.13436007
0.15739055,0.17039277,0.16575718,0.19213185
0.36565968,0.23165976,0.23144762,0.076191306
0.09886892,0.08986311,0.21153772,0.2116466
0.11152355,0.08037028,0.18077514,0.10999005
0.23464714,0.123525135,0.1953579,0.14263012
0.3220907,0.13753267,0.2299073,0.3148457
0.33854336,0.17632543,0.20872931,0.29363224
0.23042168,0.22504658,0.118283615,0.18551223
0.26127774,0.1868415,0.21452188,0.30213508
0.14386834,0.12216782,0.1661793,0.15323837
0.19295622,0.19468851,0.2105294,0.23053521
0.13022475,0.19002716,0.19733606,0.20155899
0.21059616,0.14702477,0.1935584,0.22515786
0.3342992,0.14829396,0.3609926,0.10076372
0.19270691,0.0999097,0.21276498,0.1582663
0.19639914,0.16371547,0.21620305,0.21650366
0.103196286,0.060572848,0.17613897,0.047318805
0.24044491,0.14170144,0.27398625,0.25738916
0.229836,0.15260354,0.19281417,0.28111356
0.2810097,0.19107173,0.17679904,0.22905618
0.2793875,0.11457107,0.15233335,0.29505146
0.44641995,0.33325404,0.12926699,0.36256847
0.17540868,0.1525257,0.15589851,0.1922683
0.53005594,0.09266839,0.124851696,0.2446855
0.3290237,0.14888081,0.20574068,0.08164783
0.2942354,0.19823414,0.17210531,0.28083003
0.13800782,0.11072085,0.24319163,0.08644446
0.16447596,0.14415927,0.15350777,0.11901438
0.16025302,0.18441069,0.1874661,0.22660585
0.2808703,0.17002156,0.14866701,0.40985408
0.2799188,0.09904461,0.27748674,0.37897888
0.22938524,0.20326637,0.14967345,0.14677998
0.2190685,0.1079054,0.28297314,0.14951195
0.15336867,0.1640629,0.37470382,0.19935817
0.36401835,0.26687557,0.19597077,0.42023906
0.15545005,0.18583466,0.20357718,0.14943907
0.16913041,0.12728375,0.2114744,0.19518435
0.2770259,0.22846578,0.32101429,0.20012188
0.57499385,0.28881562,0.38542885,0.18483122
0.31655967,0.27928427,0.16060589,0.17059463
0.112635404,0.11817993,0.16774969,0.15719901
0.25699434,0.21205153,0.16834661,0.14676084
0.42736188,0.2078218,0.22594985,0.31346145
0.18001848,0.18150395,0.17866684,0.2043584
0.1376894,0.14791776,0.16839668,0.23277986
0.27053598,0.18277451,0.2707613,0.26880655
0.10789815,0.16457014,0.22065426,0.18194222
0.18876678,0.18075018,0.17974642,0.20934775
0.16080596,0.13002525,0.2340747,0.22744024
0.20266762,0.17818081,0.23572822,0.22277756
0.10537668,0.10185901,0.23975962,0.17065053
0.30824855,0.30487877,0.13562126,0.1945406
0.29093787,0.1327313,0.20629525,0.07758608
0.3720836,0.1979477,0.19784613,0.20928018
0.21715035,0.110683575,0.2515097,0.34917837
0.21000239,0.1221115,0.2227739,0.22652353
0.11567774,0.11173138,0.16910645,0.19734737
0.39328623,0.112525344,0.15306616,0.10416114
0.14255881,0.19237752,0.15762495,0.13335086
0.38187033,0.39806873,0.21965894,0.18803285
0.35602862,0.104426004,0.17517577,0.36466175
0.12483164,0.10348333,0.18001184,0.1790884
0.17061028,0.14834578,0.16077879,0.18645209
0.25649247,0.16354884,0.19541265,0.07983974
0.21530943,0.22251977,0.21673161,0.22211607
0.19661291,0.13886553,0.18363528,0.22519207
0.27503982,0.20027535,0.18341453,0.15506648
0.3811305,0.11800495,0.20615485,0.32708472
0.16671005,0.13194159,0.22869025,0.21335806
0.22841367,0.25258845,0.19728573,0.17118268
0.12319218,0.11858423,0.24857503,0.09005271
0.24254708,0.16174988,0.17290685,0.26303422
0.28117606,0.113169156,0.17309958,0.23361486
0.1810793,0.17020048,0.16034508,0.15333176
0.23114036,0.17072003,0.20811015,0.34601042
0.16422857,0.14435734,0.28682935,0.11207218
0.2796083,0.14607695,0.23394595,0.27040002
0.22511013,0.18881105,0.22236687,0.16351365
0.18606248,0.19152933,0.2147503,0.31999716
0.19419645,0.20187528,0.16828293,0.21501306
0.14479262,0.111165404,0.15247883,0.17982857
0.21961768,0.1690402,0.2356981,0.27932146
0.23992284,0.20415112,0.25668758,0.21757339
0.28701878,0.14414716,0.22785307,0.19843127
0.16736543,0.18819255,0.3019614,0.0516322
0.16274433,0.035257574,0.14920972,0.012807227
0.26176587,0.18421227,0.16733518,0.050366078
0.19572791,0.08505067,0.16173656,0.100534335
0.47397754,0.16672567,0.3114347,0.18021522
0.2087409,0.14328186,0.29836693,0.28270945
0.24924459,0.0928339,0.19852664,0.21999416
0.26902637,0.09932368,0.27438658,0.09812021
0.27204093,0.19521166,0.13730821,0.17989436
0.23984113,0.18078525,0.2811165,0.17399813
0.1488207,0.22026834,0.2662869,0.18107657
0.32383987,0.12614688,0.24249129,0.18056409
0.14388159,0.12533106,0.16686334,0.17041849
0.18534714,0.18364471,0.22786486,0.24204819
0.27207476,0.2153475,0.17732008,0.20665571
0.48825687,0.10532203,0.17143449,0.20045255
0.20106082,0.1483125,0.16796358,0.31480527
0.21632761,0.21816984,0.13513726,0.21445218
0.30386195,0.1210403,0.231142,0.043905422
0.23973048,0.2319419,0.21096618,0.2903108
0.19189252,0.1924367,0.20314264,0.18347642
0.22611582,0.16546454,0.23544866,0.24387018
0.16731195,0.15070368,0.21836197,0.15456185
0.17370464,0.17559496,0.20068675,0.19049871
0.2481851,0.18247646,0.22243796,0.19978112
0.18475774,0.18639535,0.17564483,0.15183382
0.23537943,0.17269199,0.17544445,0.26897556
0.13074383,0.18200497,0.30794102,0.26552898
0.3407943,0.15021254,0.26051378,0.260633
0.07435898,0.12450656,0.16517408,0.17542675
0.27561575,0.12513672,0.17371899,0.29771158
0.09167017,0.09374932,0.2411264,0.1801084
0.24009293,0.16539823,0.23761152,0.14136603
0.21569765,0.13010946,0.2000298,0.23832564
0.24711764,0.23840864,0.1653139,0.3476204
0.2857812,0.13898818,0.15922946,0.35748893
0.17755407,0.23175675,0.18938166,0.18177989
0.24920179,0.20757252,0.14759508,0.32717532
0.0910945,0.07951036,0.1631335,0.06317838
0.11249266,0.089372724,0.15836303,0.10923404
0.47494665,0.16650558,0.25352442,0.11116727
0.11914284,0.13706674,0.18532242,0.17275281
0.1905488,0.13906217,0.15597917,0.19702984
0.23412573,0.20616932,0.23696718,0.234396
0.16250648,0.15251645,0.14859954,0.1616858
0.17438446,0.235962,0.25957847,0.38281867
0.32991138,0.079995915,0.25108233,0.06769554
0.33681947,0.20678045,0.12173794,0.25502753
0.12567641,0.11059261,0.21266459,0.20592687
0.21667226,0.1437496,0.16541784,0.16737403
0.2202889,0.16163822,0.13689624,0.19605339
0.20743243,0.097331166,0.20561452,0.15580213
0.18384446,0.19598204,0.16126548,0.2867258
0.34004557,0.27244332,0.18321262,0.17336257
0.183833,0.18738154,0.1976122,0.1421731
0.11614625,0.094938785,0.15585147,0.12912758
0.3341974,0.14276658,0.29017732,0.07384294
0.07877283,0.062583014,0.20520404,0.07506288
0.23402752,0.09401968,0.21618316,0.041108426
0.16882841,0.08941222,0.23859584,0.17535709
0.27957818,0.18536912,0.22153632,0.07550036
0.18756413,0.19969924,0.17187132,0.27228478
0.16059172,0.17898253,0.17651683,0.16728105
0.20124997,0.18238214,0.1992679,0.21371211
0.32167423,0.13801463,0.20066214,0.27193952
0.12329611,0.14443606,0.19170587,0.15257707
0.25376737,0.23587662,0.16422176,0.17718546
0.2292016,0.13798471,0.17691378,0.21316555
0.12517232,0.1234818,0.2561942,0.08381257
0.16969891,0.110249355,0.21987337,0.08997537
0.09834353,0.24240999,0.1647422,0.18660103
0.30417696,0.15810363,0.19536299,0.25200683
0.13740714,0.15302247,0.1659093,0.2669791
0.30911943,0.16583674,0.19848599,0.036387626
0.13358507,0.15068851,0.14928965,0.14980108
0.2805087,0.26750374,0.17356844,0.4462839
0.2219141,0.10165763,0.17222883,0.27420405
0.2220234,0.23586684,0.20685893,0.29540628
0.14386047,0.105025485,0.17247227,0.15875275
0.41468,0.21633245,0.18216601,0.32145762
0.16398428,0.11202319,0.18026905,0.0997425
0.28027415,0.08690664,0.17804421,0.11722472
0.17397471,0.08764966,0.17178844,0.07144299
0.3042084,0.12814014,0.1988883,0.1130666
0.13616666,0.13701053,0.13452469,0.15899783
0.15823409,0.21857272,0.13229243,0.22014818
0.18801527,0.24182929,0.2322407,0.26219502
0.3859078,0.12182133,0.16061832,0.19151111
0.4546088,0.32653606,0.23612575,0.06195329
0.19307086,0.15028222,0.17345695,0.20479374
0.15606472,0.12423996,0.1524917,0.11423969
0.3018582,0.050480187,0.2094402,0.022009412
0.24077748,0.22882047,0.33402336,0.35508552
0.49272856,0.36286974,0.18036324,0.2591437
0.25346616,0.17203204,0.21853358,0.25467902
0.2805896,0.16866824,0.20162562,0.2444143
0.3728824,0.14588305,0.20544522,0.081107974
0.18401739,0.13778085,0.18129607,0.32263052
0.13101624,0.10438714,0.14416957,0.123603284
0.2258075,0.1421828,0.16733298,0.10116516
0.2541704,0.14961952,0.16173984,0.1955182
0.17554112,0.09215,0.15911664,0.15996496
0.27416033,0.2401126,0.2406949,0.22170228
0.19570066,0.1305095,0.16435304,0.07860643
0.28549486,0.18522279,0.23859213,0.09112323
0.16452691,0.1710505,0.1907769,0.2009095
0.2500264,0.23565517,0.28878054,0.11198738
0.21446538,0.16296254,0.25368315,0.29508156
0.3579451,0.13300495,0.27072963,0.0392165
0.25974932,0.16050024,0.1456132,0.34498677
0.17493843,0.14284992,0.16248283,0.22244418
0.24649382,0.20234166,0.18948652,0.22479708
0.056318656,0.08904216,0.20851947,0.05348894
0.15053606,0.09967174,0.16746582,0.16596477
0.15566249,0.10791932,0.20763656,0.14067274
0.14979376,0.14634073,0.19138621,0.07478606
0.43228668,0.13022847,0.18961559,0.041953243
0.10434211,0.12992723,0.18323807,0.19539185
0.092161134,0.13656242,0.23895742,0.11040648
0.23024158,0.16647613,0.16604589,0.14822811
0.21658744,0.13771518,0.20780085,0.19716316
0.19323485,0.27138516,0.21959096,0.3385128
0.1285816,0.07505794,0.17806803,0.072670706
0.16338217,0.14461362,0.26763976,0.24155341
0.14917296,0.23765053,0.15568873,0.24159454
0.21725401,0.20881073,0.24377851,0.30951706
0.2759523,0.13522348,0.19106637,0.1991341
0.52634543,0.10909506,0.15487795,0.51528895
0.15164807,0.15354574,0.31288216,0.19105706
0.17199343,0.16292982,0.33510372,0.21404909
0.27906612,0.23686703,0.1547075,0.275228
0.17526172,0.1340244,0.20668384,0.20101663
0.2957714,0.12850156,0.20765327,0.16715036
0.17463966,0.23059674,0.16893639,0.22967118
0.11528173,0.08712126,0.17201847,0.12605247
0.24770164,0.17781362,0.16235095,0.21803398
0.37017855,0.3146362,0.2888404,0.24263851
0.24946418,0.17224403,0.20326585,0.1953501
0.26548627,0.24170904,0.18338926,0.23945948
0.33792463,0.11424611,0.32335353,0.15824468
0.15765165,0.177171,0.21984674,0.21015373
0.2243099,0.18070874,0.2094259,0.10408971
0.16939941,0.20280978,0.22966233,0.2193675
0.14179972,0.08106538,0.16490865,0.13822031
0.21270087,0.15430222,0.23534091,0.2344271
0.27324614,0.18480155,0.16989072,0.21433179
0.1706642,0.07426548,0.23977557,0.14592937
0.22917472,0.15333015,0.12864776,0.1401773
0.16572665,0.19051428,0.19751923,0.20401037
0.18843238,0.16303927,0.22567533,0.08446664
0.45392329,0.30160633,0.27296132,0.20485474
0.2884171,0.261015,0.2722716,0.32540244
0.20339549,0.1401992,0.24174592,0.17475334
0.30940613,0.20847401,0.2163784,0.27038133
0.2398786,0.17608403,0.16318522,0.22431903
0.11714337,0.08893341,0.26823208,0.072475836
0.34558758,0.16145375,0.22764786,0.2988583
0.2118502,0.20866485,0.24187247,0.20622405
0.123895705,0.123903334,0.2592968,0.14644006
0.31515953,0.21395035,0.18852197,0.17520338
0.27978465,0.044352356,0.22445963,0.018228967
0.28022683,0.1183865,0.18826185,0.16673468
0.22356658,0.0879162,0.24724968,0.027191442
0.35259807,0.16712944,0.20717144,0.15770487
0.14559457,0.16126588,0.2732882,0.23363139
0.24330759,0.17434663,0.16774455,0.24329604
0.2375686,0.14532593,0.17062922,0.16857317
0.29831856,0.22340508,0.17948313,0.3253716
0.16937701,0.17719711,0.17550623,0.11508759
0.22136554,0.056868643,0.1682108,0.4195767
0.11822665,0.09388055,0.1720358,0.091069385
0.30719942,0.13916057,0.26540646,0.105652966
0.27808836,0.16497742,0.11163289,0.18637405
0.24610984,0.16934954,0.15215513,0.21642403
0.23264615,0.14406334,0.21443236,0.19428384
0.22945924,0.22340113,0.18084872,0.15564953
0.3438455,0.04623205,0.24377656,0.23690957
0.24960032,0.19944434,0.1919917,0.14747547
0.11403234,0.09055675,0.22265951,0.23722142
0.24304956,0.13564318,0.2090307,0.2876283
0.12855826,0.15775055,0.17934914,0.2369824
0.16138355,0.17999639,0.23226766,0.104663976
0.3551788,0.09093153,0.20865776,0.06329917
0.17261256,0.2076744,0.1919453,0.27828017
0.2639854,0.20292981,0.24137828,0.27087995
0.13301235,0.13424394,0.24067912,0.20723099
0.3720879,0.12226791,0.13449448,0.23091783
0.2127487,0.13919221,0.23796982,0.2196634
0.2987987,0.124069095,0.22574286,0.216607
0.32676247,0.19128975,0.2622432,0.2522022
0.18534288,0.09927174,0.17155723,0.11652554
0.24479832,0.12622632,0.23796062,0.16468056
0.17206325,0.15078264,0.16920006,0.17330845
0.2721779,0.2143699,0.36030117,0.22567463
0.42720887,0.18813539,0.13084221,0.45654812
0.21476229,0.19319834,0.20892446,0.24227597
0.20531107,0.19628027,0.15556026,0.21842097
0.1640286,0.1288465,0.16650803,0.1379185
0.17590158,0.09574009,0.21477932,0.107823394
0.2517323,0.31893766,0.249192,0.35063174
0.08851635,0.08659634,0.20485888,0.13699502
0.53269446,0.05613211,0.2114839,0.0153966285
0.1925771,0.2277798,0.2666142,0.4121577
0.094751045,0.13283361,0.19822659,0.15206566
0.44082898,0.18369508,0.31269678,0.32371694
0.16418739,0.13301563,0.22902788,0.21749286
0.13271314,0.124319404,0.23872396,0.19180836
0.3243835,0.07617728,0.29896885,0.03691481
0.3359721,0.35973242,0.30360448,0.19624719
0.14316781,0.22386464,0.15099882,0.20086841
0.16672091,0.18890892,0.15879613,0.24848579
0.29500675,0.18727456,0.17631039,0.15087192
0.076339215,0.095559835,0.20670953,0.10134277
0.17298533,0.16935997,0.2722739,0.14860538
0.14265655,0.1075796,0.22037213,0.19621211
0.21397607,0.07437335,0.22859493,0.050796524
0.095026895,0.096139,0.2054562,0.115708046
0.14348482,0.13340363,0.19538163,0.15332967
0.18113464,0.21111284,0.24863064,0.28073737
0.10941841,0.14180784,0.29132867,0.18264474
0.24870047,0.09539003,0.17595343,0.12789631
0.24000126,0.2962999,0.17484003,0.20316932
0.33231893,0.19590369,0.2587004,0.26497483
0.10964574,0.08203993,0.19616331,0.11520269
0.21724653,0.13072053,0.17988312,0.23991412
0.21899562,0.17953625,0.2701022,0.2652373
0.24480417,0.1546467,0.15384907,0.26370695
0.21688192,0.1669424,0.20255022,0.15578282
0.23642157,0.08917418,0.13999681,0.21910755
0.2860964,0.16605037,0.17632443,0.24353999
0.27138463,0.20273395,0.18946497,0.26095226
0.16810742,0.117798984,0.15523368,0.1219486
0.21200009,0.17887226,0.20067655,0.02688058
